Workbook

Sheet Zasady
A1: Plan link buildingu – Faktura Smart Magazyn (10 nowych artykułów + seria KSeF)
A3: Jak czytać ten plik
A4: • Zakładka „Linki wewnętrzne”: skąd → dokąd, w którym miejscu tekstu i jakim anchorem. Wiersze posortowane wg artykułu źródłowego.
A5: • Zakładka „Linki zewnętrzne”: linki do źródeł rządowych i urzędowych (MF/KSeF, podatki.gov.pl, biznes.gov.pl, ZUS, ISAP, NBP).
A6: • Zakładka „Mapa URL”: wszystkie adresy fakturasmart.pl użyte w planie i status ich weryfikacji.
A7: • Żółte pola „[URL do uzupełnienia]” = adres opublikowanego artykułu, którego nie udało się ustalić – uzupełnić przed wdrożeniem.
A9: Zasady wdrożenia
A10: 1. 3–5 linków wewnętrznych na artykuł, w treści (nie tylko w stopce). Pierwszy link do artykułu z tej samej kategorii możliwie wysoko w tekście.
A11: 2. Anchory naturalne i zróżnicowane – nie powtarzać tego samego anchora do tej samej strony w kilku artykułach. Anchory w tabeli to propozycje; można je dopasować do zdania.
A12: 3. Jeden link do danego adresu w jednym artykule (bez duplikatów).
A13: 4. Linki do produktu (strona KSeF, moduł proforma, aplikacja) – maks. 1–2 na artykuł, w podsumowaniu lub tam, gdzie wynikają z treści.
A14: 5. Linki zewnętrzne: 1–3 na artykuł, wyłącznie do źródeł rządowych/urzędowych. Otwierane w nowej karcie (target="_blank" rel="noopener"). Bez nofollow – to wiarygodne źródła, które wzmacniają E-E-A-T.
... A22: • Mosty między klastrami: 02 → Art. 10 (zwolnienie z VAT a KSeF), 04 → Art. 15 (data otrzymania w KSeF), K3 → 04/05, 06 → 04.

Sheet Linki wewnętrzne
A1: Nr | B1: Artykuł źródłowy | C1: URL źródłowy | D1: Gdzie wstawić link | E1: Anchor (tekst linku) | F1: Strona docelowa | G1: URL docelowy | H1: Typ celu | I1: Priorytet
A2: 1 | B2: Zmiana formy opodatkowania w 2026 r. – do kiedy i jak to zrobić? | C2: https://fakturasmart.pl/magazyn/podatki/zmiana-formy-opodatkowania-2026 | D2: Sekcja „Ryczałt od przychodów ewidencjonowanych” | E2: limit przychodów uprawniający do ryczałtu w 2026 r. | F2: Limity podatkowe 2026: Ryczałt, mały podatnik i VAT | G2: https://fakturasmart.pl/magazyn/podatki/limity-podatkowe-2026-ryczalt-maly-podatnik-vat | H2: Artykuł | I2: Wysoki
A3: 2 | B3: Zmiana formy opodatkowania w 2026 r. – do kiedy i jak to zrobić? | C3: https://fakturasmart.pl/magazyn/podatki/zmiana-formy-opodatkowania-2026 | D3: Sekcja „Skala podatkowa” – zdanie o odliczaniu kosztów | E3: koszty uzyskania przychodu w JDG | F3: Koszty uzyskania przychodu (KUP) w JDG w 2026 r. | G3: https://fakturasmart.pl/magazyn/podatki/koszty-uzyskania-przychodu-kup-jdg-2026 | H3: Artykuł | I3: Wysoki
A4: 3 | B4: Zmiana formy opodatkowania w 2026 r. – do kiedy i jak to zrobić? | C4: https://fakturasmart.pl/magazyn/podatki/zmiana-formy-opodatkowania-2026 | D4: Sekcja „Składka zdrowotna w 2026 roku a forma opodatkowania” | E4: Ulga na start i Mały ZUS Plus | F4: Ulga na start i Mały ZUS Plus 2026 | G4: https://fakturasmart.pl/magazyn/podatki/ulga-na-start-maly-zus-plus-2026-skladki | H4: Artykuł | I4: Średni
A5: 4 | B5: Zmiana formy opodatkowania w 2026 r. – do kiedy i jak to zrobić? | C5: https://fakturasmart.pl/magazyn/podatki/zmiana-formy-opodatkowania-2026 | D5: Podsumowanie | E5: program do wystawiania faktur online | F5: Faktura Smart – co to jest | G5: https://fakturasmart.pl/co-to | H5: Produkt | I5: Średni
A6: 5 | B6: Limity podatkowe 2026: Ryczałt, mały podatnik i VAT | C6: https://fakturasmart.pl/magazyn/podatki/limity-podatkowe-2026-ryczalt-maly-podatnik-vat | D6: Przykład o przekroczeniu limitu ryczałtu | E6: zmiana formy opodatkowania | F6: Zmiana formy opodatkowania w 2026 r. – do kiedy i jak to zrobić? | G6: https://fakturasmart.pl/magazyn/podatki/zmiana-formy-opodatkowania-2026 | H6: Artykuł | I6: Wysoki
A7: 6 | B7: Limity podatkowe 2026: Ryczałt, mały podatnik i VAT | C7: https://fakturasmart.pl/magazyn/podatki/limity-podatkowe-2026-ryczalt-maly-podatnik-vat | D7: Sekcja „Status małego podatnika i zwolnienie z VAT” – zdanie o kwartalnym VAT | E7: kwartalne rozliczenie VAT | F7: Rozliczenie VAT w 2026: miesięczne czy kwartalne? | G7: https://fakturasmart.pl/magazyn/podatki/rozliczenie-vat-2026-miesieczne-czy-kwartalne | H7: Artykuł | I7: Wysoki
A8: 7 | B8: Limity podatkowe 2026: Ryczałt, mały podatnik i VAT | C8: https://fakturasmart.pl/magazyn/podatki/limity-podatkowe-2026-ryczalt-maly-podatnik-vat | D8: Akapit o jednorazowej amortyzacji | E8: kiedy wydatek można od razu wrzucić w koszty | F8: Koszty uzyskania przychodu (KUP) w JDG w 2026 r. | G8: https://fakturasmart.pl/magazyn/podatki/koszty-uzyskania-przychodu-kup-jdg-2026 | H8: Artykuł | I8: Średni
A9: 8 | B9: Limity podatkowe 2026: Ryczałt, mały podatnik i VAT | C9: https://fakturasmart.pl/magazyn/podatki/limity-podatkowe-2026-ryczalt-maly-podatnik-vat | D9: Akapit o zwolnieniu z VAT 240 000 zł | E9: obowiązek KSeF dla podatników zwolnionych z VAT | F9: Art. 10 – Dla kogo KSeF jest obowiązkowy, a dla kogo dobrowolny? | G9: https://fakturasmart.pl/magazyn/ksef/dla-kogo-ksef-jest-obowiazkowy-a-dla-kogo-dobrowolny | H9: Artykuł | I9: Średni
A10: 9 | B10: Faktura korygująca a nota korygująca w 2026 r. | C10: https://fakturasmart.pl/magazyn/ksef/faktura-korygujaca-a-nota-korygujaca-2026 | D10: Wstęp – „przed wprowadzeniem obowiązkowego KSeF” | E10: obowiązkowy KSeF – dla kogo i od kiedy | F10: Art. 10 – Dla kogo KSeF jest obowiązkowy, a dla kogo dobrowolny? | G10: https://fakturasmart.pl/magazyn/ksef/dla-kogo-ksef-jest-obowiazkowy-a-dla-kogo-dobrowolny | H10: Artykuł | I10: Wysoki
A11: 10 | B11: Faktura korygująca a nota korygująca w 2026 r. | C11: https://fakturasmart.pl/magazyn/ksef/faktura-korygujaca-a-nota-korygujaca-2026 | D11: Sekcja „Jak poprawić błąd na fakturze w 2026 roku?” | E11: faktura ustrukturyzowana | F11: Art. 15 – Czym jest faktura ustrukturyzowana? | G11: https://fakturasmart.pl/magazyn/ksef/czym-jest-faktura-ustrukturyzowana | H11: Artykuł | I11: Wysoki
A12: 11 | B12: Faktura korygująca a nota korygująca w 2026 r. | C12: https://fakturasmart.pl/magazyn/ksef/faktura-korygujaca-a-nota-korygujaca-2026 | D12: Sekcja „Co z fakturą wystawioną przed 1 lutego 2026 roku?” | E12: moment odliczenia VAT z faktury korygującej | F12: Odliczenie VAT: aktualne terminy i zasady księgowania | G12: https://fakturasmart.pl/magazyn/podatki/odliczenie-vat-terminy-zasady-ksiegowania | H12: Artykuł | I12: Średni
A13: 12 | B13: Faktura korygująca a nota korygująca w 2026 r. | C13: https://fakturasmart.pl/magazyn/ksef/faktura-korygujaca-a-nota-korygujaca-2026 | D13: Podsumowanie | E13: wystaw fakturę korygującą w KSeF | F13: System Faktur Elektronicznych KSeF (strona produktu) | G13: https://fakturasmart.pl/ksef | H13: Produkt | I13: Wysoki
... A80: 79 | B80: Dodatkowe usługi (oferty, zamówienia, faktury proforma) | C80: https://fakturasmart.pl/dodatkowe-uslugi | D80: Opis modułu proforma | E80: czym jest faktura proforma | F80: Faktura proforma – kiedy ją wystawić i czy trzeba od niej płacić podatek? | G80: https://fakturasmart.pl/magazyn/ksef/faktura-proforma-kiedy-wystawic-podatek | H80: Hub | I80: Wysoki

Sheet Linki zewnętrzne
A1: Nr | B1: Artykuł | C1: URL artykułu | D1: Gdzie wstawić link | E1: Anchor (tekst linku) | F1: URL zewnętrzny | G1: Instytucja | H1: Dlaczego / uwagi
A2: 1 | B2: Zmiana formy opodatkowania w 2026 r. – do kiedy i jak to zrobić? | C2: https://fakturasmart.pl/magazyn/podatki/zmiana-formy-opodatkowania-2026 | D2: Sekcja „Terminy…” | E2: zasady zmiany formy opodatkowania (biznes.gov.pl) | F2: https://www.biznes.gov.pl/pl/portal/00172 | G2: biznes.gov.pl (MRiT) | H2: Oficjalny opis form opodatkowania i trybu zmiany
A3: 2 | B3: Zmiana formy opodatkowania w 2026 r. – do kiedy i jak to zrobić? | C3: https://fakturasmart.pl/magazyn/podatki/zmiana-formy-opodatkowania-2026 | D3: Sekcja „Skala podatkowa” | E3: zasady opodatkowania według skali | F3: https://www.biznes.gov.pl/pl/portal/00264 | G3: biznes.gov.pl (MRiT) | H3: Stawki 12%/32%, kwota wolna
A4: 3 | B4: Zmiana formy opodatkowania w 2026 r. – do kiedy i jak to zrobić? | C4: https://fakturasmart.pl/magazyn/podatki/zmiana-formy-opodatkowania-2026 | D4: Sekcja „Jak zgłosić zmianę… w CEIDG?” | E4: komunikat MRiT o zmianie formy opodatkowania | F4: https://www.gov.pl/web/rozwoj-technologia/chcesz-zmienic-forme-opodatkowania-firmy-zrob-to-jeszcze-dzis | G4: gov.pl (MRiT) | H4: Instrukcja zmiany przez CEIDG
A5: 4 | B5: Limity podatkowe 2026: Ryczałt, mały podatnik i VAT | C5: https://fakturasmart.pl/magazyn/podatki/limity-podatkowe-2026-ryczalt-maly-podatnik-vat | D5: Sekcja „Dlaczego limity… uległy zmianie?” – kurs euro | E5: średni kurs euro NBP (tabela A) | F5: https://nbp.pl/statystyka-i-sprawozdawczosc/kursy/tabela-a/ | G5: NBP | H5: Źródło kursu 4,2586 zł z 1.10.2025 – adres do weryfikacji
A6: 5 | B6: Limity podatkowe 2026: Ryczałt, mały podatnik i VAT | C6: https://fakturasmart.pl/magazyn/podatki/limity-podatkowe-2026-ryczalt-maly-podatnik-vat | D6: Akapit o zwolnieniu z VAT 240 000 zł | E6: kto musi płacić VAT (biznes.gov.pl) | F6: https://www.biznes.gov.pl/pl/portal/00246 | G6: biznes.gov.pl (MRiT) | H6: Limit zwolnienia podmiotowego
A7: 6 | B7: Faktura korygująca a nota korygująca w 2026 r. | C7: https://fakturasmart.pl/magazyn/ksef/faktura-korygujaca-a-nota-korygujaca-2026 | D7: Sekcja „Jak poprawić błąd…” | E7: Podręcznik KSeF 2.0 Ministerstwa Finansów | F7: https://ksef.podatki.gov.pl/pliki-do-pobrania-ksef-20/ | G7: ksef.podatki.gov.pl (MF) | H7: Oficjalne zasady korekt, błędny NIP
A8: 7 | B8: Faktura korygująca a nota korygująca w 2026 r. | C8: https://fakturasmart.pl/magazyn/ksef/faktura-korygujaca-a-nota-korygujaca-2026 | D8: Wstęp | E8: Krajowy System e-Faktur – serwis MF | F8: https://ksef.podatki.gov.pl/ | G8: ksef.podatki.gov.pl (MF) | H8: Strona główna KSeF
A9: 8 | B9: Odliczenie VAT: aktualne terminy i zasady księgowania | C9: https://fakturasmart.pl/magazyn/podatki/odliczenie-vat-terminy-zasady-ksiegowania | D9: Sekcja „W jakim terminie…” – art. 86 | E9: ustawa o VAT (ISAP) | F9: https://isap.sejm.gov.pl/isap.nsf/DocDetails.xsp?id=WDU20040540535 | G9: ISAP (Sejm) | H9: Art. 86 – terminy odliczenia
A10: 9 | B10: Odliczenie VAT: aktualne terminy i zasady księgowania | C10: https://fakturasmart.pl/magazyn/podatki/odliczenie-vat-terminy-zasady-ksiegowania | D10: Tabela – korekta JPK_V7 | E10: JPK_VAT z deklaracją (podatki.gov.pl) | F10: https://podatki.gov.pl/podatki-firmowe/jednolity-plik-kontrolny/jpk_vat-z-deklaracja | G10: podatki.gov.pl (MF) | H10: Korekta pliku JPK_V7
A11: 10 | B11: Rozliczenie VAT w 2026: miesięczne czy kwartalne? | C11: https://fakturasmart.pl/magazyn/podatki/rozliczenie-vat-2026-miesieczne-czy-kwartalne | D11: Sekcja „Na czym polega rozliczenie VAT?” | E11: JPK_V7M i JPK_V7K – informacje MF | F11: https://podatki.gov.pl/podatki-firmowe/jednolity-plik-kontrolny/jpk_vat-z-deklaracja | G11: podatki.gov.pl (MF) | H11: Oficjalny opis plików
A12: 11 | B12: Rozliczenie VAT w 2026: miesięczne czy kwartalne? | C12: https://fakturasmart.pl/magazyn/podatki/rozliczenie-vat-2026-miesieczne-czy-kwartalne | D12: Sekcja „Kto może wybrać kwartalne…” | E12: broszura JPK_VAT od 1 lutego 2026 r. (PDF) | F12: https://podatki.gov.pl/media/wgbkrejs/broszura-jpk_vat-z-deklaracj%C4%85-od-1-lutego-2026-r.pdf | G12: podatki.gov.pl (MF) | H12: Aktualna broszura MF
A13: 12 | B13: Faktura proforma – kiedy ją wystawić i czy trzeba od niej płacić podatek? | C13: https://fakturasmart.pl/magazyn/ksef/faktura-proforma-kiedy-wystawic-podatek | D13: Sekcja „Czy fakturę proforma trzeba wystawiać w KSeF?” | E13: zakres obowiązkowego KSeF | F13: https://ksef.podatki.gov.pl/informacje-ogolne-ksef-20/zakres-obowiazkowego-ksef/ | G13: ksef.podatki.gov.pl (MF) | H13: Co podlega KSeF
... A29: 28 | B29: Art. 5 – Przyszłość e-fakturowania w Polsce | C29: [URL do uzupełnienia] | D29: Ostatni akapit | E29: zakres obowiązkowego KSeF | F29: https://ksef.podatki.gov.pl/informacje-ogolne-ksef-20/zakres-obowiazkowego-ksef/ | G29: ksef.podatki.gov.pl (MF) | H29: Terminy, offline24

Sheet Mapa URL
A1: ID | B1: Strona | C1: URL | D1: Typ | E1: Status URL | F1: Linki przychodzące (plan) | G1: Linki wychodzące (plan)
A2: 01 | B2: Zmiana formy opodatkowania w 2026 r. – do kiedy i jak to zrobić? | C2: https://fakturasmart.pl/magazyn/podatki/zmiana-formy-opodatkowania-2026 | D2: Nowy (Podatki) | E2: z briefu SEO | F2: =COUNTIF('Linki wewnętrzne'!$F:$F,B2) -> 3 | G2: =COUNTIF('Linki wewnętrzne'!$B:$B,B2) -> 4
A3: 02 | B3: Limity podatkowe 2026: Ryczałt, mały podatnik i VAT | C3: https://fakturasmart.pl/magazyn/podatki/limity-podatkowe-2026-ryczalt-maly-podatnik-vat | D3: Nowy (Podatki) | E3: z briefu SEO | F3: =COUNTIF('Linki wewnętrzne'!$F:$F,B3) -> 5 | G3: =COUNTIF('Linki wewnętrzne'!$B:$B,B3) -> 5
A4: 03 | B4: Faktura korygująca a nota korygująca w 2026 r. | C4: https://fakturasmart.pl/magazyn/ksef/faktura-korygujaca-a-nota-korygujaca-2026 | D4: Nowy (KSeF) | E4: z briefu SEO | F4: =COUNTIF('Linki wewnętrzne'!$F:$F,B4) -> 8 | G4: =COUNTIF('Linki wewnętrzne'!$B:$B,B4) -> 5
A5: 04 | B5: Odliczenie VAT: aktualne terminy i zasady księgowania | C5: https://fakturasmart.pl/magazyn/podatki/odliczenie-vat-terminy-zasady-ksiegowania | D5: Nowy (Podatki) | E5: z briefu SEO | F5: =COUNTIF('Linki wewnętrzne'!$F:$F,B5) -> 7 | G5: =COUNTIF('Linki wewnętrzne'!$B:$B,B5) -> 5
A6: 05 | B6: Rozliczenie VAT w 2026: miesięczne czy kwartalne? | C6: https://fakturasmart.pl/magazyn/podatki/rozliczenie-vat-2026-miesieczne-czy-kwartalne | D6: Nowy (Podatki) | E6: z briefu SEO | F6: =COUNTIF('Linki wewnętrzne'!$F:$F,B6) -> 5 | G6: =COUNTIF('Linki wewnętrzne'!$B:$B,B6) -> 3
A7: 06 | B7: Faktura proforma – kiedy ją wystawić i czy trzeba od niej płacić podatek? | C7: https://fakturasmart.pl/magazyn/ksef/faktura-proforma-kiedy-wystawic-podatek | D7: Nowy (KSeF) | E7: z briefu SEO | F7: =COUNTIF('Linki wewnętrzne'!$F:$F,B7) -> 3 | G7: =COUNTIF('Linki wewnętrzne'!$B:$B,B7) -> 4
A8: 07 | B8: Koszty uzyskania przychodu (KUP) w JDG w 2026 r. | C8: https://fakturasmart.pl/magazyn/podatki/koszty-uzyskania-przychodu-kup-jdg-2026 | D8: Nowy (Podatki) | E8: z briefu SEO | F8: =COUNTIF('Linki wewnętrzne'!$F:$F,B8) -> 4 | G8: =COUNTIF('Linki wewnętrzne'!$B:$B,B8) -> 4
A9: 08 | B9: Faktura dla osoby fizycznej (B2C) w 2026 a KSeF | C9: https://fakturasmart.pl/magazyn/ksef/faktura-dla-osoby-fizycznej-b2c-2026 | D9: Nowy (KSeF) | E9: z briefu SEO | F9: =COUNTIF('Linki wewnętrzne'!$F:$F,B9) -> 6 | G9: =COUNTIF('Linki wewnętrzne'!$B:$B,B9) -> 6
A10: 09 | B10: Ulga na start i Mały ZUS Plus 2026 | C10: https://fakturasmart.pl/magazyn/podatki/ulga-na-start-maly-zus-plus-2026-skladki | D10: Nowy (Podatki) | E10: z briefu SEO | F10: =COUNTIF('Linki wewnętrzne'!$F:$F,B10) -> 3 | G10: =COUNTIF('Linki wewnętrzne'!$B:$B,B10) -> 2
A11: 10 | B11: Niezapłacona faktura w 2026 – ulga na złe długi | C11: https://fakturasmart.pl/magazyn/podatki/niezaplacona-faktura-2026-ulga-na-zle-dlugi-vat | D11: Nowy (Podatki) | E11: z briefu SEO | F11: =COUNTIF('Linki wewnętrzne'!$F:$F,B11) -> 2 | G11: =COUNTIF('Linki wewnętrzne'!$B:$B,B11) -> 4
A12: K1 | B12: Art. 1 – Wprowadzenie do Krajowego Systemu e-Faktur | C12: https://fakturasmart.pl/magazyn/ksef/wprowadzenie-do-krajowego-systemu-e-faktur-co-musisz-wiedziec | D12: Opublikowany (KSeF) | E12: potwierdzony w wyszukiwarce | F12: =COUNTIF('Linki wewnętrzne'!$F:$F,B12) -> 3 | G12: =COUNTIF('Linki wewnętrzne'!$B:$B,B12) -> 5
A13: K2 | B13: Art. 2 – Jak przygotować swoją firmę do KSeF? | C13: https://fakturasmart.pl/magazyn/ksef/jak-przygotowac-swoja-firme-do-ksef | D13: Opublikowany (KSeF) | E13: potwierdzony w wyszukiwarce | F13: =COUNTIF('Linki wewnętrzne'!$F:$F,B13) -> 2 | G13: =COUNTIF('Linki wewnętrzne'!$B:$B,B13) -> 4
... A33: PD | B33: Dodatkowe usługi (oferty, zamówienia, faktury proforma) | C33: https://fakturasmart.pl/dodatkowe-uslugi | D33: Produkt | E33: potwierdzony w wyszukiwarce | F33: =COUNTIF('Linki wewnętrzne'!$F:$F,B33) -> 1 | G33: =COUNTIF('Linki wewnętrzne'!$B:$B,B33) -> 1
