Workbook

Sheet Start
B2: Kierunek Zysk · Kalkulator Zysku
B3: Materiał 2 z 6 · do ćwiczeń z modułów 1, 4 i 5 przewodnika
B5: Jak korzystać
B6: 1. Ustawienia | C6: Wpisz wynagrodzenia, koszty stałe i godziny. Arkusz policzy pełny koszt godziny pracy zespołu, potrzebny wszędzie dalej.
B7: 2. Usługi | C7: Rentowność każdej usługi: marża, zysk na godzinę, efektywna stawka. Moduł 1 i 2 (usługa flagowa).
B8: 3. Klienci | C8: Marża na każdym kliencie, udział w przychodzie i automatyczna ćwiartka macierzy (Gwiazda / Okazja / Do rozwoju / Do pożegnania). Moduł 1.
B9: 4. Podwyżka cen | C9: Ile zarobisz po podwyżce i ilu klientów możesz stracić, żeby nadal być na plusie. Moduł 4.
B10: 5. Lejek | C10: Ile zapytań, rozmów i ofert potrzebujesz, żeby osiągnąć cel przychodu. Moduł 5.
B11: 6. Dźwignie wzrostu | C11: Efekt poprawy 5 dźwigni (klienci, wartość, częstotliwość, długość, marża) na przychód i zysk.
B12: 7. Próg rentowności | C12: Minimalny przychód miesięczny i przychód potrzebny do zysku docelowego.
B13: 8. Podsumowanie | C13: Najważniejsze liczby i diagnoza na jednym ekranie. Wyślij ten arkusz przed konsultacją Przegląd Decyzji.
B15: Kolory | C15: Brzoskwiniowe pola = wpisujesz. Białe pola = liczą się same (nie nadpisuj formuł).
B16: Dane | C16: Wystarczą przybliżenia z faktur i kalendarza z ostatnich 12 miesięcy. Kwoty netto.
B17: Licencja | C17: Do użytku w jednej firmie nabywcy. © guliwera4.pl

Sheet Ustawienia
B2: Ustawienia firmy
B3: Pełny koszt godziny = (wynagrodzenia + koszty stałe) ÷ godziny fakturowalne
C4: ← pole do wpisania (dane przykładowe: fikcyjne „Studio Lumen”, zastąp swoimi)
B6: Wynagrodzenia zespołu z narzutami (rocznie, z właścicielem) | C6: 640000 | D6: Uwzględnij też godziwe wynagrodzenie właściciela
B7: Pozostałe koszty stałe (rocznie: biuro, narzędzia, księgowość, auta) | C7: 215000
B8: Liczba osób realizujących usługi | C8: 6
B9: Godziny fakturowalne na osobę rocznie | C9: 1500 | D9: Realnie 1 200–1 500 h (nie 2 000): urlopy, administracja, sprzedaż
B11: Godziny fakturowalne zespołu rocznie | C11: =C8*C9
B12: PEŁNY KOSZT GODZINY PRACY | C12: =IFERROR((C6+C7)/C11,0)
B14: Próg marży „zdrowego” klienta (do macierzy klientów) | C14: 0.25 | D14: Klient z marżą powyżej progu = wysoki zysk

Sheet Usługi
B2: Rentowność usług
B3: Która usługa daje najwyższy zysk na godzinę? Kandydat na usługę flagową (moduł 2).
C4: ← pole do wpisania (dane przykładowe: fikcyjne „Studio Lumen”, zastąp swoimi)
B6: Usługa / pakiet | C6: Cena netto | D6: Godziny zespołu na 1 sprzedaż | E6: Koszty bezpośrednie (podwykonawcy, licencje) | F6: Koszt pracy | G6: Marża zł | H6: Marża % | I6: Zysk na godzinę | J6: Efektywna stawka (cena ÷ h) | K6: Sprzedaży rocznie | L6: Marża roczna | M6: Ranking zysku/h
B7: Pakiet „Gotowi na pacjentów” | C7: 16900 | D7: 120 | E7: 500 | F7: =IF(C7="","",D7*Ustawienia!$C$12) | G7: =IF(C7="","",C7-F7-E7) | H7: =IF(OR(C7="",C7=0),"",G7/C7) | I7: =IF(OR(D7="",D7=0),"",G7/D7) | J7: =IF(OR(D7="",D7=0),"",C7/D7) | K7: 8 | L7: =IF(OR(G7="",K7=""),"",G7*K7) | M7: =IF(I7="","",RANK(I7,$I$7:$I$18))
B8: Identyfikacja wizualna | C8: 12000 | D8: 90 | E8: 0 | F8: =IF(C8="","",D8*Ustawienia!$C$12) | G8: =IF(C8="","",C8-F8-E8) | H8: =IF(OR(C8="",C8=0),"",G8/C8) | I8: =IF(OR(D8="",D8=0),"",G8/D8) | J8: =IF(OR(D8="",D8=0),"",C8/D8) | K8: 14 | L8: =IF(OR(G8="",K8=""),"",G8*K8) | M8: =IF(I8="","",RANK(I8,$I$7:$I$18))
B9: Strona internetowa | C9: 15000 | D9: 140 | E9: 1500 | F9: =IF(C9="","",D9*Ustawienia!$C$12) | G9: =IF(C9="","",C9-F9-E9) | H9: =IF(OR(C9="",C9=0),"",G9/C9) | I9: =IF(OR(D9="",D9=0),"",G9/D9) | J9: =IF(OR(D9="",D9=0),"",C9/D9) | K9: 10 | L9: =IF(OR(G9="",K9=""),"",G9*K9) | M9: =IF(I9="","",RANK(I9,$I$7:$I$18))
B10: Pakiet „ulotka / drobne” | C10: 800 | D10: 9 | E10: 0 | F10: =IF(C10="","",D10*Ustawienia!$C$12) | G10: =IF(C10="","",C10-F10-E10) | H10: =IF(OR(C10="",C10=0),"",G10/C10) | I10: =IF(OR(D10="",D10=0),"",G10/D10) | J10: =IF(OR(D10="",D10=0),"",C10/D10) | K10: 60 | L10: =IF(OR(G10="",K10=""),"",G10*K10) | M10: =IF(I10="","",RANK(I10,$I$7:$I$18))
B11: Kampania social (miesiąc) | C11: 3500 | D11: 30 | E11: 0 | F11: =IF(C11="","",D11*Ustawienia!$C$12) | G11: =IF(C11="","",C11-F11-E11) | H11: =IF(OR(C11="",C11=0),"",G11/C11) | I11: =IF(OR(D11="",D11=0),"",G11/D11) | J11: =IF(OR(D11="",D11=0),"",C11/D11) | K11: 40 | L11: =IF(OR(G11="",K11=""),"",G11*K11) | M11: =IF(I11="","",RANK(I11,$I$7:$I$18))
B12: Opieka nad stroną (miesiąc) | C12: 900 | D12: 6 | E12: 100 | F12: =IF(C12="","",D12*Ustawienia!$C$12) | G12: =IF(C12="","",C12-F12-E12) | H12: =IF(OR(C12="",C12=0),"",G12/C12) | I12: =IF(OR(D12="",D12=0),"",G12/D12) | J12: =IF(OR(D12="",D12=0),"",C12/D12) | K12: 36 | L12: =IF(OR(G12="",K12=""),"",G12*K12) | M12: =IF(I12="","",RANK(I12,$I$7:$I$18))
F13: =IF(C13="","",D13*Ustawienia!$C$12) | G13: =IF(C13="","",C13-F13-E13) | H13: =IF(OR(C13="",C13=0),"",G13/C13) | I13: =IF(OR(D13="",D13=0),"",G13/D13) | J13: =IF(OR(D13="",D13=0),"",C13/D13) | L13: =IF(OR(G13="",K13=""),"",G13*K13) | M13: =IF(I13="","",RANK(I13,$I$7:$I$18))
F14: =IF(C14="","",D14*Ustawienia!$C$12) | G14: =IF(C14="","",C14-F14-E14) | H14: =IF(OR(C14="",C14=0),"",G14/C14) | I14: =IF(OR(D14="",D14=0),"",G14/D14) | J14: =IF(OR(D14="",D14=0),"",C14/D14) | L14: =IF(OR(G14="",K14=""),"",G14*K14) | M14: =IF(I14="","",RANK(I14,$I$7:$I$18))
F15: =IF(C15="","",D15*Ustawienia!$C$12) | G15: =IF(C15="","",C15-F15-E15) | H15: =IF(OR(C15="",C15=0),"",G15/C15) | I15: =IF(OR(D15="",D15=0),"",G15/D15) | J15: =IF(OR(D15="",D15=0),"",C15/D15) | L15: =IF(OR(G15="",K15=""),"",G15*K15) | M15: =IF(I15="","",RANK(I15,$I$7:$I$18))
F16: =IF(C16="","",D16*Ustawienia!$C$12) | G16: =IF(C16="","",C16-F16-E16) | H16: =IF(OR(C16="",C16=0),"",G16/C16) | I16: =IF(OR(D16="",D16=0),"",G16/D16) | J16: =IF(OR(D16="",D16=0),"",C16/D16) | L16: =IF(OR(G16="",K16=""),"",G16*K16) | M16: =IF(I16="","",RANK(I16,$I$7:$I$18))
F17: =IF(C17="","",D17*Ustawienia!$C$12) | G17: =IF(C17="","",C17-F17-E17) | H17: =IF(OR(C17="",C17=0),"",G17/C17) | I17: =IF(OR(D17="",D17=0),"",G17/D17) | J17: =IF(OR(D17="",D17=0),"",C17/D17) | L17: =IF(OR(G17="",K17=""),"",G17*K17) | M17: =IF(I17="","",RANK(I17,$I$7:$I$18))
F18: =IF(C18="","",D18*Ustawienia!$C$12) | G18: =IF(C18="","",C18-F18-E18) | H18: =IF(OR(C18="",C18=0),"",G18/C18) | I18: =IF(OR(D18="",D18=0),"",G18/D18) | J18: =IF(OR(D18="",D18=0),"",C18/D18) | L18: =IF(OR(G18="",K18=""),"",G18*K18) | M18: =IF(I18="","",RANK(I18,$I$7:$I$18))
B19: RAZEM | K19: =SUM(K7:K18) | L19: =SUM(L7:L18)
B21: Jak czytać: usługa z ujemnym zyskiem na godzinę (na różowo) dokłada do firmy. Podnieś cenę, zmień zakres albo przestań ją sprzedawać. Ranking 1 (pomarańczowy) = najlepszy kandydat na usługę flagową.

Sheet Klienci
B2: Rentowność klientów i macierz
B3: Kto naprawdę zarabia dla firmy? Ćwiczenia 1.2 i 1.3 przewodnika.
C4: ← pole do wpisania (dane przykładowe: fikcyjne „Studio Lumen”, zastąp swoimi)
B6: Klient | C6: Przychód 12 mies. | D6: Godziny zespołu 12 mies. | E6: Koszty bezpośrednie | F6: Wysiłek 1–5 (poprawki, telefony, płatności) | G6: Marża zł | H6: Marża % | I6: Zysk na godzinę | J6: Udział w przychodzie | K6: Ćwiartka macierzy | L6: Ranking marży
B7: Klient A (sieć sklepów) | C7: 210000 | D7: 2100 | E7: 8000 | F7: 5 | G7: =IF(C7="","",C7-D7*Ustawienia!$C$12-E7) | H7: =IF(OR(C7="",C7=0),"",G7/C7) | I7: =IF(OR(D7="",D7=0),"",G7/D7) | J7: =IF(C7="","",C7/$C$32) | K7: =IF(OR(C7="",F7=""),"",IF(H7>=Ustawienia!$C$14,IF(F7<=3,"⭐ Gwiazda","💎 Okazja"),IF(F7<=3,"🌱 Do rozwoju","🧹 Do pożegnania / wyceny"))) | L7: =IF(G7="","",RANK(G7,$G$7:$G$31))
B8: Klient B (deweloper) | C8: 150000 | D8: 1500 | E8: 12000 | F8: 4 | G8: =IF(C8="","",C8-D8*Ustawienia!$C$12-E8) | H8: =IF(OR(C8="",C8=0),"",G8/C8) | I8: =IF(OR(D8="",D8=0),"",G8/D8) | J8: =IF(C8="","",C8/$C$32) | K8: =IF(OR(C8="",F8=""),"",IF(H8>=Ustawienia!$C$14,IF(F8<=3,"⭐ Gwiazda","💎 Okazja"),IF(F8<=3,"🌱 Do rozwoju","🧹 Do pożegnania / wyceny"))) | L8: =IF(G8="","",RANK(G8,$G$7:$G$31))
B9: Klient C (producent) | C9: 132000 | D9: 900 | E9: 0 | F9: 2 | G9: =IF(C9="","",C9-D9*Ustawienia!$C$12-E9) | H9: =IF(OR(C9="",C9=0),"",G9/C9) | I9: =IF(OR(D9="",D9=0),"",G9/D9) | J9: =IF(C9="","",C9/$C$32) | K9: =IF(OR(C9="",F9=""),"",IF(H9>=Ustawienia!$C$14,IF(F9<=3,"⭐ Gwiazda","💎 Okazja"),IF(F9<=3,"🌱 Do rozwoju","🧹 Do pożegnania / wyceny"))) | L9: =IF(G9="","",RANK(G9,$G$7:$G$31))
B10: Gabinet D | C10: 48000 | D10: 250 | E10: 0 | F10: 1 | G10: =IF(C10="","",C10-D10*Ustawienia!$C$12-E10) | H10: =IF(OR(C10="",C10=0),"",G10/C10) | I10: =IF(OR(D10="",D10=0),"",G10/D10) | J10: =IF(C10="","",C10/$C$32) | K10: =IF(OR(C10="",F10=""),"",IF(H10>=Ustawienia!$C$14,IF(F10<=3,"⭐ Gwiazda","💎 Okazja"),IF(F10<=3,"🌱 Do rozwoju","🧹 Do pożegnania / wyceny"))) | L10: =IF(G10="","",RANK(G10,$G$7:$G$31))
B11: Klinika E | C11: 62000 | D11: 330 | E11: 2000 | F11: 2 | G11: =IF(C11="","",C11-D11*Ustawienia!$C$12-E11) | H11: =IF(OR(C11="",C11=0),"",G11/C11) | I11: =IF(OR(D11="",D11=0),"",G11/D11) | J11: =IF(C11="","",C11/$C$32) | K11: =IF(OR(C11="",F11=""),"",IF(H11>=Ustawienia!$C$14,IF(F11<=3,"⭐ Gwiazda","💎 Okazja"),IF(F11<=3,"🌱 Do rozwoju","🧹 Do pożegnania / wyceny"))) | L11: =IF(G11="","",RANK(G11,$G$7:$G$31))
B12: Kancelaria F | C12: 36000 | D12: 300 | E12: 0 | F12: 4 | G12: =IF(C12="","",C12-D12*Ustawienia!$C$12-E12) | H12: =IF(OR(C12="",C12=0),"",G12/C12) | I12: =IF(OR(D12="",D12=0),"",G12/D12) | J12: =IF(C12="","",C12/$C$32) | K12: =IF(OR(C12="",F12=""),"",IF(H12>=Ustawienia!$C$14,IF(F12<=3,"⭐ Gwiazda","💎 Okazja"),IF(F12<=3,"🌱 Do rozwoju","🧹 Do pożegnania / wyceny"))) | L12: =IF(G12="","",RANK(G12,$G$7:$G$31))
B13: Szkoła G | C13: 24000 | D13: 200 | E13: 0 | F13: 2 | G13: =IF(C13="","",C13-D13*Ustawienia!$C$12-E13) | H13: =IF(OR(C13="",C13=0),"",G13/C13) | I13: =IF(OR(D13="",D13=0),"",G13/D13) | J13: =IF(C13="","",C13/$C$32) | K13: =IF(OR(C13="",F13=""),"",IF(H13>=Ustawienia!$C$14,IF(F13<=3,"⭐ Gwiazda","💎 Okazja"),IF(F13<=3,"🌱 Do rozwoju","🧹 Do pożegnania / wyceny"))) | L13: =IF(G13="","",RANK(G13,$G$7:$G$31))
B14: Hotel H | C14: 41000 | D14: 420 | E14: 0 | F14: 5 | G14: =IF(C14="","",C14-D14*Ustawienia!$C$12-E14) | H14: =IF(OR(C14="",C14=0),"",G14/C14) | I14: =IF(OR(D14="",D14=0),"",G14/D14) | J14: =IF(C14="","",C14/$C$32) | K14: =IF(OR(C14="",F14=""),"",IF(H14>=Ustawienia!$C$14,IF(F14<=3,"⭐ Gwiazda","💎 Okazja"),IF(F14<=3,"🌱 Do rozwoju","🧹 Do pożegnania / wyceny"))) | L14: =IF(G14="","",RANK(G14,$G$7:$G$31))
B15: Producent I | C15: 90000 | D15: 520 | E15: 0 | F15: 4 | G15: =IF(C15="","",C15-D15*Ustawienia!$C$12-E15) | H15: =IF(OR(C15="",C15=0),"",G15/C15) | I15: =IF(OR(D15="",D15=0),"",G15/D15) | J15: =IF(C15="","",C15/$C$32) | K15: =IF(OR(C15="",F15=""),"",IF(H15>=Ustawienia!$C$14,IF(F15<=3,"⭐ Gwiazda","💎 Okazja"),IF(F15<=3,"🌱 Do rozwoju","🧹 Do pożegnania / wyceny"))) | L15: =IF(G15="","",RANK(G15,$G$7:$G$31))
G16: =IF(C16="","",C16-D16*Ustawienia!$C$12-E16) | H16: =IF(OR(C16="",C16=0),"",G16/C16) | I16: =IF(OR(D16="",D16=0),"",G16/D16) | J16: =IF(C16="","",C16/$C$32) | K16: =IF(OR(C16="",F16=""),"",IF(H16>=Ustawienia!$C$14,IF(F16<=3,"⭐ Gwiazda","💎 Okazja"),IF(F16<=3,"🌱 Do rozwoju","🧹 Do pożegnania / wyceny"))) | L16: =IF(G16="","",RANK(G16,$G$7:$G$31))
G17: =IF(C17="","",C17-D17*Ustawienia!$C$12-E17) | H17: =IF(OR(C17="",C17=0),"",G17/C17) | I17: =IF(OR(D17="",D17=0),"",G17/D17) | J17: =IF(C17="","",C17/$C$32) | K17: =IF(OR(C17="",F17=""),"",IF(H17>=Ustawienia!$C$14,IF(F17<=3,"⭐ Gwiazda","💎 Okazja"),IF(F17<=3,"🌱 Do rozwoju","🧹 Do pożegnania / wyceny"))) | L17: =IF(G17="","",RANK(G17,$G$7:$G$31))
G18: =IF(C18="","",C18-D18*Ustawienia!$C$12-E18) | H18: =IF(OR(C18="",C18=0),"",G18/C18) | I18: =IF(OR(D18="",D18=0),"",G18/D18) | J18: =IF(C18="","",C18/$C$32) | K18: =IF(OR(C18="",F18=""),"",IF(H18>=Ustawienia!$C$14,IF(F18<=3,"⭐ Gwiazda","💎 Okazja"),IF(F18<=3,"🌱 Do rozwoju","🧹 Do pożegnania / wyceny"))) | L18: =IF(G18="","",RANK(G18,$G$7:$G$31))
G19: =IF(C19="","",C19-D19*Ustawienia!$C$12-E19) | H19: =IF(OR(C19="",C19=0),"",G19/C19) | I19: =IF(OR(D19="",D19=0),"",G19/D19) | J19: =IF(C19="","",C19/$C$32) | K19: =IF(OR(C19="",F19=""),"",IF(H19>=Ustawienia!$C$14,IF(F19<=3,"⭐ Gwiazda","💎 Okazja"),IF(F19<=3,"🌱 Do rozwoju","🧹 Do pożegnania / wyceny"))) | L19: =IF(G19="","",RANK(G19,$G$7:$G$31))
G20: =IF(C20="","",C20-D20*Ustawienia!$C$12-E20) | H20: =IF(OR(C20="",C20=0),"",G20/C20) | I20: =IF(OR(D20="",D20=0),"",G20/D20) | J20: =IF(C20="","",C20/$C$32) | K20: =IF(OR(C20="",F20=""),"",IF(H20>=Ustawienia!$C$14,IF(F20<=3,"⭐ Gwiazda","💎 Okazja"),IF(F20<=3,"🌱 Do rozwoju","🧹 Do pożegnania / wyceny"))) | L20: =IF(G20="","",RANK(G20,$G$7:$G$31))
G21: =IF(C21="","",C21-D21*Ustawienia!$C$12-E21) | H21: =IF(OR(C21="",C21=0),"",G21/C21) | I21: =IF(OR(D21="",D21=0),"",G21/D21) | J21: =IF(C21="","",C21/$C$32) | K21: =IF(OR(C21="",F21=""),"",IF(H21>=Ustawienia!$C$14,IF(F21<=3,"⭐ Gwiazda","💎 Okazja"),IF(F21<=3,"🌱 Do rozwoju","🧹 Do pożegnania / wyceny"))) | L21: =IF(G21="","",RANK(G21,$G$7:$G$31))
G22: =IF(C22="","",C22-D22*Ustawienia!$C$12-E22) | H22: =IF(OR(C22="",C22=0),"",G22/C22) | I22: =IF(OR(D22="",D22=0),"",G22/D22) | J22: =IF(C22="","",C22/$C$32) | K22: =IF(OR(C22="",F22=""),"",IF(H22>=Ustawienia!$C$14,IF(F22<=3,"⭐ Gwiazda","💎 Okazja"),IF(F22<=3,"🌱 Do rozwoju","🧹 Do pożegnania / wyceny"))) | L22: =IF(G22="","",RANK(G22,$G$7:$G$31))
G23: =IF(C23="","",C23-D23*Ustawienia!$C$12-E23) | H23: =IF(OR(C23="",C23=0),"",G23/C23) | I23: =IF(OR(D23="",D23=0),"",G23/D23) | J23: =IF(C23="","",C23/$C$32) | K23: =IF(OR(C23="",F23=""),"",IF(H23>=Ustawienia!$C$14,IF(F23<=3,"⭐ Gwiazda","💎 Okazja"),IF(F23<=3,"🌱 Do rozwoju","🧹 Do pożegnania / wyceny"))) | L23: =IF(G23="","",RANK(G23,$G$7:$G$31))
G24: =IF(C24="","",C24-D24*Ustawienia!$C$12-E24) | H24: =IF(OR(C24="",C24=0),"",G24/C24) | I24: =IF(OR(D24="",D24=0),"",G24/D24) | J24: =IF(C24="","",C24/$C$32) | K24: =IF(OR(C24="",F24=""),"",IF(H24>=Ustawienia!$C$14,IF(F24<=3,"⭐ Gwiazda","💎 Okazja"),IF(F24<=3,"🌱 Do rozwoju","🧹 Do pożegnania / wyceny"))) | L24: =IF(G24="","",RANK(G24,$G$7:$G$31))
G25: =IF(C25="","",C25-D25*Ustawienia!$C$12-E25) | H25: =IF(OR(C25="",C25=0),"",G25/C25) | I25: =IF(OR(D25="",D25=0),"",G25/D25) | J25: =IF(C25="","",C25/$C$32) | K25: =IF(OR(C25="",F25=""),"",IF(H25>=Ustawienia!$C$14,IF(F25<=3,"⭐ Gwiazda","💎 Okazja"),IF(F25<=3,"🌱 Do rozwoju","🧹 Do pożegnania / wyceny"))) | L25: =IF(G25="","",RANK(G25,$G$7:$G$31))
G26: =IF(C26="","",C26-D26*Ustawienia!$C$12-E26) | H26: =IF(OR(C26="",C26=0),"",G26/C26) | I26: =IF(OR(D26="",D26=0),"",G26/D26) | J26: =IF(C26="","",C26/$C$32) | K26: =IF(OR(C26="",F26=""),"",IF(H26>=Ustawienia!$C$14,IF(F26<=3,"⭐ Gwiazda","💎 Okazja"),IF(F26<=3,"🌱 Do rozwoju","🧹 Do pożegnania / wyceny"))) | L26: =IF(G26="","",RANK(G26,$G$7:$G$31))
G27: =IF(C27="","",C27-D27*Ustawienia!$C$12-E27) | H27: =IF(OR(C27="",C27=0),"",G27/C27) | I27: =IF(OR(D27="",D27=0),"",G27/D27) | J27: =IF(C27="","",C27/$C$32) | K27: =IF(OR(C27="",F27=""),"",IF(H27>=Ustawienia!$C$14,IF(F27<=3,"⭐ Gwiazda","💎 Okazja"),IF(F27<=3,"🌱 Do rozwoju","🧹 Do pożegnania / wyceny"))) | L27: =IF(G27="","",RANK(G27,$G$7:$G$31))
... G31: =IF(C31="","",C31-D31*Ustawienia!$C$12-E31) | H31: =IF(OR(C31="",C31=0),"",G31/C31) | I31: =IF(OR(D31="",D31=0),"",G31/D31) | J31: =IF(C31="","",C31/$C$32) | K31: =IF(OR(C31="",F31=""),"",IF(H31>=Ustawienia!$C$14,IF(F31<=3,"⭐ Gwiazda","💎 Okazja"),IF(F31<=3,"🌱 Do rozwoju","🧹 Do pożegnania / wyceny"))) | L31: =IF(G31="","",RANK(G31,$G$7:$G$31))
B32: RAZEM | C32: =SUM(C7:C31) | D32: =SUM(D7:D31) | G32: =SUM(G7:G31) | H32: =IFERROR(G32/C32,0)
B34: Udział 3 największych klientów | E34: =IFERROR((LARGE(C7:C31,1)+LARGE(C7:C31,2)+LARGE(C7:C31,3))/C32,0) | F34: Powyżej 40% = ryzyko koncentracji
B36: Udział w przychodzie powyżej 20% jest pogrubiony na czerwono. Ćwiartkę liczy próg marży z arkusza Ustawienia i wysiłek (1–3 = mały, 4–5 = duży).

Sheet Podwyżka cen
B2: Symulator podwyżki cen
B3: Moduł 4 · dopuszczalny spadek sprzedaży = podwyżka ÷ (marża na pokrycie + podwyżka)
C4: ← pole do wpisania (dane przykładowe: fikcyjne „Studio Lumen”, zastąp swoimi)
B6: Przychód roczny obecnie | C6: 1200000
B7: Marża na pokrycie % (cena minus koszty zmienne zleceń) | C7: 0.4
B8: Zysk obecnie (przed opodatkowaniem) | C8: 96000
B9: Planowana podwyżka cen | C9: 0.1
B10: Przewidywana utrata sprzedaży (wolumenu) | C10: 0.05
B12: Koszty stałe (wyliczone) | C12: =C6*C7-C8
B13: Przychód po zmianie | C13: =C6*(1-C10)*(1+C9)
B14: Zysk po zmianie | C14: =C13-C6*(1-C7)*(1-C10)-C12
B15: Zmiana zysku | C15: =C14-C8
B16: Zmiana zysku % | C16: =IFERROR(C15/ABS(C8),0)
B17: DOPUSZCZALNA utrata sprzedaży (zysk bez zmian) | C17: =IFERROR(C9/(C7+C9),0)
B19: Tabela: dopuszczalna utrata sprzedaży przy różnych marżach i podwyżkach
B20: Marża na pokrycie ↓ / podwyżka → | C20: 0.03 | D20: 0.05 | E20: 0.08 | F20: 0.1 | G20: 0.12 | H20: 0.15 | I20: 0.2
B21: 0.2 | C21: =-C$20/($B21+C$20) | D21: =-D$20/($B21+D$20) | E21: =-E$20/($B21+E$20) | F21: =-F$20/($B21+F$20) | G21: =-G$20/($B21+G$20) | H21: =-H$20/($B21+H$20) | I21: =-I$20/($B21+I$20)
B22: 0.3 | C22: =-C$20/($B22+C$20) | D22: =-D$20/($B22+D$20) | E22: =-E$20/($B22+E$20) | F22: =-F$20/($B22+F$20) | G22: =-G$20/($B22+G$20) | H22: =-H$20/($B22+H$20) | I22: =-I$20/($B22+I$20)
B23: 0.4 | C23: =-C$20/($B23+C$20) | D23: =-D$20/($B23+D$20) | E23: =-E$20/($B23+E$20) | F23: =-F$20/($B23+F$20) | G23: =-G$20/($B23+G$20) | H23: =-H$20/($B23+H$20) | I23: =-I$20/($B23+I$20)
B24: 0.5 | C24: =-C$20/($B24+C$20) | D24: =-D$20/($B24+D$20) | E24: =-E$20/($B24+E$20) | F24: =-F$20/($B24+F$20) | G24: =-G$20/($B24+G$20) | H24: =-H$20/($B24+H$20) | I24: =-I$20/($B24+I$20)
B25: 0.6 | C25: =-C$20/($B25+C$20) | D25: =-D$20/($B25+D$20) | E25: =-E$20/($B25+E$20) | F25: =-F$20/($B25+F$20) | G25: =-G$20/($B25+G$20) | H25: =-H$20/($B25+H$20) | I25: =-I$20/($B25+I$20)
B27: Przykład: przy marży 40% i podwyżce 10% możesz stracić do 20% sprzedaży i nadal zarobisz tyle samo. Zwykle odchodzą klienci z ćwiartki „Do pożegnania”.

Sheet Lejek
B2: Kalkulator lejka sprzedaży
B3: Moduł 5 · ile aktywności potrzeba do celu przychodu
C4: ← pole do wpisania (dane przykładowe: fikcyjne „Studio Lumen”, zastąp swoimi)
C6: Dziś | D6: Cel za 90 dni | E6: Uwagi
B7: Cel / obecny przychód ze sprzedaży nowych zleceń (miesięcznie) | C7: 60000 | D7: 80000 | E7: Bez stałych abonamentów
B8: Średnia wartość wygranego zlecenia | C8: 9500 | D8: 12000 | E8: Pakiety podnoszą wartość
B9: Skuteczność ofert (wygrane ÷ oferty) | C9: 0.3 | D9: 0.4 | E9: Rozmowa przed ofertą + follow-up
B10: % rozmów kończących się ofertą | C10: 0.7 | D10: 0.75 | E10: Kwalifikacja
B11: % zapytań kończących się rozmową | C11: 0.6 | D11: 0.8 | E11: Szybka odpowiedź, link do kalendarza
B13: Potrzebne wygrane zlecenia / mies. | C13: =IFERROR(C7/C8,0) | D13: =IFERROR(D7/D8,0)
B14: Potrzebne oferty / mies. | C14: =IFERROR(C13/C9,0) | D14: =IFERROR(D13/D9,0)
B15: Potrzebne rozmowy / mies. | C15: =IFERROR(C14/C10,0) | D15: =IFERROR(D14/D10,0)
B16: POTRZEBNE ZAPYTANIA / mies. | C16: =IFERROR(C15/C11,0) | D16: =IFERROR(D15/D11,0)
B17: Potrzebne zapytania / tydzień | C17: =C16/4.33 | D17: =D16/4.33
B19: Wniosek: porównaj kolumny. Często poprawa skuteczności i wartości zlecenia daje więcej niż szukanie dodatkowych zapytań.

Sheet Dźwignie wzrostu
B2: 5 dźwigni wzrostu zysku
B3: Moduł 5 · przychód = klienci × wartość × częstotliwość × długość współpracy; do tego marża
C4: ← pole do wpisania (dane przykładowe: fikcyjne „Studio Lumen”, zastąp swoimi)
B6: Dźwignia | C6: Dziś | D6: Poprawa % | E6: Po zmianie
B7: Liczba aktywnych klientów | C7: 38 | D7: 0.1 | E7: =C7*(1+D7)
B8: Średnia wartość zlecenia | C8: 9500 | D8: 0.1 | E8: =C8*(1+D8)
B9: Liczba zleceń na klienta rocznie | C9: 3.33 | D9: 0.1 | E9: =C9*(1+D9)
B10: Retencja / długość współpracy (mnożnik) | C10: 1 | D10: 0.1 | E10: =C10*(1+D10)
B11: Marża na pokrycie % (poprawa w punktach procentowych) | C11: 0.4 | D11: 0.05 | E11: =MIN(0.95,C11+D11)
B13: Koszty stałe roczne | C13: 384000
B15: Przychód roczny | C15: =C7*C8*C9*C10 | E15: =E7*E8*E9*E10
B16: Zysk roczny | C16: =C15*C11-C13 | E16: =E15*E11-C13
B17: Zmiana przychodu | E17: =IFERROR(E15/C15-1,0)
B18: Zmiana zysku | E18: =IFERROR(E16/C16-1,0)
B20: Zobacz, jak niewielka poprawa każdej dźwigni (bez nowych klientów: wartość, częstotliwość, długość, marża) zwielokrotnia zysk przy stałych kosztach.

Sheet Próg rentowności
B2: Próg rentowności i przychód docelowy
B3: Ile musisz sprzedawać miesięcznie, żeby wyjść na zero i żeby osiągnąć zysk docelowy
C4: ← pole do wpisania (dane przykładowe: fikcyjne „Studio Lumen”, zastąp swoimi)
B6: Koszty stałe miesięcznie (z wynagrodzeniami) | C6: 32000
B7: Marża na pokrycie % | C7: 0.4
B8: Zysk docelowy miesięcznie | C8: 18000
B10: PRÓG RENTOWNOŚCI (przychód / mies.) | C10: =IFERROR(C6/C7,0)
B11: Przychód potrzebny do zysku docelowego | C11: =IFERROR((C6+C8)/C7,0)
B12: Średnia wartość zlecenia | C12: 9500
B13: Zleceń miesięcznie do zysku docelowego | C13: =IFERROR(C11/C12,0)

Sheet Podsumowanie
B2: Podsumowanie: moja firma w liczbach
B3: Liczy się samo z pozostałych arkuszy. Wyślij przed konsultacją Przegląd Decyzji.
B5: Wskaźnik | C5: Wartość | D5: Sygnał | E5: Co to znaczy
B6: Pełny koszt godziny pracy | C6: =Ustawienia!C12 | D6: =""
B7: Marża na klientach (z arkusza Klienci) | C7: =Klienci!H32 | D7: =IF(C7<0.15,"⚠ niska",IF(C7<0.3,"• średnia","✓ zdrowa")) | E7: Poniżej 15%: pracujecie „na obrót”
B8: Udział 3 największych klientów | C8: =Klienci!E34 | D8: =IF(C8>0.4,"⚠ ryzyko","✓ OK") | E8: Powyżej 40% = ryzyko koncentracji
B9: Klienci „Do pożegnania / wyceny” (liczba) | C9: =COUNTIF(Klienci!K7:K31,"*pożegnania*") | D9: =IF(C9>0,"⚠ do decyzji","✓ OK") | E9: Kandydaci do nowej wyceny lub rozstania
B10: Klienci „Gwiazdy” (liczba) | C10: =COUNTIF(Klienci!K7:K31,"⭐*") | D10: ="" | E10: Wzór idealnego klienta
B11: Najlepsza usługa (zysk na godzinę) | C11: =IFERROR(INDEX(Usługi!B7:B18,MATCH(1,Usługi!M7:M18,0)),"") | D11: ="" | E11: Kandydat na usługę flagową
B12: Usługi ze stratą (liczba) | C12: =COUNTIF(Usługi!I7:I18,"<0") | D12: =IF(C12>0,"⚠ do decyzji","✓ OK") | E12: Podnieś cenę, zmień zakres albo wycofaj
B13: Zysk po planowanej podwyżce | C13: ='Podwyżka cen'!C14 | D13: =IF('Podwyżka cen'!C15>0,"✓ +"&TEXT('Podwyżka cen'!C16,"0%"),"⚠ spadek") | E13: Arkusz Podwyżka cen
B14: Dopuszczalna utrata sprzedaży po podwyżce | C14: ='Podwyżka cen'!C17 | D14: ="" | E14: Bufor bezpieczeństwa decyzji o cenach
B15: Potrzebne zapytania / mies. (cel) | C15: =Lejek!D16 | D15: ="" | E15: Arkusz Lejek
B16: Przychód potrzebny do zysku docelowego / mies. | C16: ='Próg rentowności'!C11 | D16: ="" | E16: Arkusz Próg rentowności
B18: Moje 3 najważniejsze decyzje (z Dziennika decyzji)
B19: 1.
B20: 2.
B21: 3.
B23: Decyzja, co do której mam najmniej pewności
B25: NASTĘPNY KROK · Przegląd Decyzji (3 000 zł netto, cena pakietu odliczana). Przed spotkaniem analizuję Twoje liczby i tok rozumowania z Dziennika decyzji, a na 2-godzinnej sesji wzmacniamy najsłabsze ogniwa planu. Umów termin: guliwera4.pl/konsultacja
